layout,kind,n,sample,reps,bytes_per_elem,wall_ns_per_elem,cpu_ns_per_elem,checksum
aos32_OrderBad,if,1000,0,65536,32,0.7697,0.7696,4639658987727554763
aos32_OrderBad,if,1000,1,65536,32,0.7657,0.7651,4639658987727554763
aos32_OrderBad,if,1000,2,65536,32,0.7531,0.7529,4639658987727554763
aos32_OrderBad,if,1000,3,65536,32,0.7530,0.7528,4639658987727554763
aos32_OrderBad,if,1000,4,65536,32,0.7685,0.7685,4639658987727554763
aos32_OrderBad,if,1000,5,65536,32,0.7711,0.7711,4639658987727554763
aos32_OrderBad,if,1000,6,65536,32,0.7642,0.7642,4639658987727554763
aos32_OrderBad,mask,1000,0,131072,32,0.5027,0.5027,4639658987727554763
aos32_OrderBad,mask,1000,1,131072,32,0.5042,0.5041,4639658987727554763
aos32_OrderBad,mask,1000,2,131072,32,0.5088,0.5085,4639658987727554763
aos32_OrderBad,mask,1000,3,131072,32,0.5093,0.5089,4639658987727554763
aos32_OrderBad,mask,1000,4,131072,32,0.5039,0.5038,4639658987727554763
aos32_OrderBad,mask,1000,5,131072,32,0.5067,0.5065,4639658987727554763
aos32_OrderBad,mask,1000,6,131072,32,0.5114,0.5108,4639658987727554763
aos32_OrderBad,all,1000,0,131072,32,0.6196,0.6196,12625941776627309821
aos32_OrderBad,all,1000,1,131072,32,0.6257,0.6247,12625941776627309821
aos32_OrderBad,all,1000,2,131072,32,0.6211,0.6211,12625941776627309821
aos32_OrderBad,all,1000,3,131072,32,0.6303,0.6293,12625941776627309821
aos32_OrderBad,all,1000,4,131072,32,0.6217,0.6215,12625941776627309821
aos32_OrderBad,all,1000,5,131072,32,0.6276,0.6274,12625941776627309821
aos32_OrderBad,all,1000,6,131072,32,0.6290,0.6286,12625941776627309821
aos24_OrderGood,if,1000,0,65536,24,0.7639,0.7634,4639658987727554763
aos24_OrderGood,if,1000,1,65536,24,0.7702,0.7695,4639658987727554763
aos24_OrderGood,if,1000,2,65536,24,0.7608,0.7602,4639658987727554763
aos24_OrderGood,if,1000,3,65536,24,0.7738,0.7735,4639658987727554763
aos24_OrderGood,if,1000,4,65536,24,0.7740,0.7739,4639658987727554763
aos24_OrderGood,if,1000,5,65536,24,0.7711,0.7711,4639658987727554763
aos24_OrderGood,if,1000,6,65536,24,0.7672,0.7667,4639658987727554763
aos24_OrderGood,mask,1000,0,131072,24,0.4913,0.4913,4639658987727554763
aos24_OrderGood,mask,1000,1,131072,24,0.4993,0.4993,4639658987727554763
aos24_OrderGood,mask,1000,2,131072,24,0.4993,0.4984,4639658987727554763
aos24_OrderGood,mask,1000,3,131072,24,0.4983,0.4974,4639658987727554763
aos24_OrderGood,mask,1000,4,131072,24,0.5057,0.5051,4639658987727554763
aos24_OrderGood,mask,1000,5,131072,24,0.5013,0.5006,4639658987727554763
aos24_OrderGood,mask,1000,6,131072,24,0.5063,0.5052,4639658987727554763
aos24_OrderGood,all,1000,0,131072,24,0.6187,0.6178,12625941776627309821
aos24_OrderGood,all,1000,1,131072,24,0.6188,0.6180,12625941776627309821
aos24_OrderGood,all,1000,2,131072,24,0.6244,0.6231,12625941776627309821
aos24_OrderGood,all,1000,3,131072,24,0.6236,0.6232,12625941776627309821
aos24_OrderGood,all,1000,4,131072,24,0.6195,0.6194,12625941776627309821
aos24_OrderGood,all,1000,5,131072,24,0.6224,0.6222,12625941776627309821
aos24_OrderGood,all,1000,6,131072,24,0.6252,0.6239,12625941776627309821
aos24_reordered_OrderBad,if,1000,0,65536,24,0.7740,0.7740,4639658987727554763
aos24_reordered_OrderBad,if,1000,1,65536,24,0.8102,0.8100,4639658987727554763
aos24_reordered_OrderBad,if,1000,2,65536,24,0.7724,0.7724,4639658987727554763
aos24_reordered_OrderBad,if,1000,3,65536,24,0.7733,0.7733,4639658987727554763
aos24_reordered_OrderBad,if,1000,4,65536,24,0.7649,0.7648,4639658987727554763
aos24_reordered_OrderBad,if,1000,5,65536,24,0.7695,0.7695,4639658987727554763
aos24_reordered_OrderBad,if,1000,6,65536,24,0.7781,0.7780,4639658987727554763
aos24_reordered_OrderBad,mask,1000,0,131072,24,0.4956,0.4950,4639658987727554763
aos24_reordered_OrderBad,mask,1000,1,131072,24,0.4949,0.4947,4639658987727554763
aos24_reordered_OrderBad,mask,1000,2,131072,24,0.4922,0.4922,4639658987727554763
aos24_reordered_OrderBad,mask,1000,3,131072,24,0.4952,0.4951,4639658987727554763
aos24_reordered_OrderBad,mask,1000,4,131072,24,0.4920,0.4920,4639658987727554763
aos24_reordered_OrderBad,mask,1000,5,131072,24,0.4970,0.4968,4639658987727554763
aos24_reordered_OrderBad,mask,1000,6,131072,24,0.4924,0.4924,4639658987727554763
aos24_reordered_OrderBad,all,1000,0,131072,24,0.6186,0.6179,12625941776627309821
aos24_reordered_OrderBad,all,1000,1,131072,24,0.6145,0.6144,12625941776627309821
aos24_reordered_OrderBad,all,1000,2,131072,24,0.6183,0.6179,12625941776627309821
aos24_reordered_OrderBad,all,1000,3,131072,24,0.6178,0.6174,12625941776627309821
aos24_reordered_OrderBad,all,1000,4,131072,24,0.6188,0.6187,12625941776627309821
aos24_reordered_OrderBad,all,1000,5,131072,24,0.6159,0.6155,12625941776627309821
aos24_reordered_OrderBad,all,1000,6,131072,24,0.6170,0.6166,12625941776627309821
aos24_reordered_OrderGood_control,if,1000,0,65536,24,0.7708,0.7708,4639658987727554763
aos24_reordered_OrderGood_control,if,1000,1,65536,24,0.7631,0.7631,4639658987727554763
aos24_reordered_OrderGood_control,if,1000,2,65536,24,0.7836,0.7815,4639658987727554763
aos24_reordered_OrderGood_control,if,1000,3,65536,24,0.7606,0.7601,4639658987727554763
aos24_reordered_OrderGood_control,if,1000,4,65536,24,0.7637,0.7632,4639658987727554763
aos24_reordered_OrderGood_control,if,1000,5,65536,24,0.7765,0.7765,4639658987727554763
aos24_reordered_OrderGood_control,if,1000,6,65536,24,0.7633,0.7632,4639658987727554763
aos24_reordered_OrderGood_control,mask,1000,0,131072,24,0.4934,0.4934,4639658987727554763
aos24_reordered_OrderGood_control,mask,1000,1,131072,24,0.4923,0.4922,4639658987727554763
aos24_reordered_OrderGood_control,mask,1000,2,131072,24,0.4929,0.4927,4639658987727554763
aos24_reordered_OrderGood_control,mask,1000,3,131072,24,0.4946,0.4946,4639658987727554763
aos24_reordered_OrderGood_control,mask,1000,4,131072,24,0.5002,0.4996,4639658987727554763
aos24_reordered_OrderGood_control,mask,1000,5,131072,24,0.4951,0.4950,4639658987727554763
aos24_reordered_OrderGood_control,mask,1000,6,131072,24,0.4917,0.4917,4639658987727554763
split_hot24_cold1,if,1000,0,65536,24,0.7787,0.7784,4639658987727554763
split_hot24_cold1,if,1000,1,65536,24,0.7762,0.7750,4639658987727554763
split_hot24_cold1,if,1000,2,65536,24,0.7580,0.7577,4639658987727554763
split_hot24_cold1,if,1000,3,65536,24,0.7683,0.7682,4639658987727554763
split_hot24_cold1,if,1000,4,65536,24,0.7695,0.7693,4639658987727554763
split_hot24_cold1,if,1000,5,65536,24,0.7697,0.7697,4639658987727554763
split_hot24_cold1,if,1000,6,65536,24,0.7744,0.7743,4639658987727554763
split_hot24_cold1,mask,1000,0,131072,24,0.5326,0.5315,4639658987727554763
split_hot24_cold1,mask,1000,1,131072,24,0.5317,0.5312,4639658987727554763
split_hot24_cold1,mask,1000,2,131072,24,0.5335,0.5331,4639658987727554763
split_hot24_cold1,mask,1000,3,131072,24,0.5288,0.5288,4639658987727554763
split_hot24_cold1,mask,1000,4,131072,24,0.5253,0.5253,4639658987727554763
split_hot24_cold1,mask,1000,5,131072,24,0.5259,0.5259,4639658987727554763
split_hot24_cold1,mask,1000,6,131072,24,0.5260,0.5259,4639658987727554763
split_hot24_cold1,all,1000,0,131072,25,0.6255,0.6252,12625941776627309821
split_hot24_cold1,all,1000,1,131072,25,0.6361,0.6361,12625941776627309821
split_hot24_cold1,all,1000,2,131072,25,0.6269,0.6268,12625941776627309821
split_hot24_cold1,all,1000,3,131072,25,0.6222,0.6222,12625941776627309821
split_hot24_cold1,all,1000,4,131072,25,0.6255,0.6253,12625941776627309821
split_hot24_cold1,all,1000,5,131072,25,0.6264,0.6262,12625941776627309821
split_hot24_cold1,all,1000,6,131072,25,0.6276,0.6269,12625941776627309821
soa,if,1000,0,65536,17,0.7801,0.7797,4639658987727554763
soa,if,1000,1,65536,17,0.7675,0.7669,4639658987727554763
soa,if,1000,2,65536,17,0.7691,0.7688,4639658987727554763
soa,if,1000,3,65536,17,0.7739,0.7739,4639658987727554763
soa,if,1000,4,65536,17,0.7771,0.7770,4639658987727554763
soa,if,1000,5,65536,17,0.7737,0.7737,4639658987727554763
soa,if,1000,6,65536,17,0.7764,0.7764,4639658987727554763
soa,mask,1000,0,262144,17,0.3193,0.3193,4639658987727554763
soa,mask,1000,1,262144,17,0.3219,0.3217,4639658987727554763
soa,mask,1000,2,262144,17,0.3205,0.3204,4639658987727554763
soa,mask,1000,3,262144,17,0.3190,0.3190,4639658987727554763
soa,mask,1000,4,262144,17,0.3194,0.3193,4639658987727554763
soa,mask,1000,5,262144,17,0.3189,0.3188,4639658987727554763
soa,mask,1000,6,262144,17,0.3197,0.3197,4639658987727554763
soa,all,1000,0,131072,18,0.6426,0.6419,12625941776627309821
soa,all,1000,1,131072,18,0.6401,0.6394,12625941776627309821
soa,all,1000,2,131072,18,0.6369,0.6369,12625941776627309821
soa,all,1000,3,131072,18,0.6350,0.6350,12625941776627309821
soa,all,1000,4,131072,18,0.6369,0.6368,12625941776627309821
soa,all,1000,5,131072,18,0.6364,0.6360,12625941776627309821
soa,all,1000,6,131072,18,0.6354,0.6351,12625941776627309821
aos32_OrderBad,if,100000,0,256,32,2.9498,2.9497,12417832495021403075
aos32_OrderBad,if,100000,1,256,32,2.9722,2.9722,12417832495021403075
aos32_OrderBad,if,100000,2,256,32,2.9834,2.9827,12417832495021403075
aos32_OrderBad,if,100000,3,256,32,2.9676,2.9676,12417832495021403075
aos32_OrderBad,if,100000,4,256,32,2.9751,2.9747,12417832495021403075
aos32_OrderBad,if,100000,5,256,32,2.9522,2.9515,12417832495021403075
aos32_OrderBad,if,100000,6,256,32,2.9211,2.9208,12417832495021403075
aos32_OrderBad,mask,100000,0,2048,32,0.4642,0.4642,12417832495021403075
aos32_OrderBad,mask,100000,1,2048,32,0.4724,0.4722,12417832495021403075
aos32_OrderBad,mask,100000,2,2048,32,0.4646,0.4645,12417832495021403075
aos32_OrderBad,mask,100000,3,2048,32,0.4611,0.4611,12417832495021403075
aos32_OrderBad,mask,100000,4,2048,32,0.4625,0.4624,12417832495021403075
aos32_OrderBad,mask,100000,5,2048,32,0.4627,0.4627,12417832495021403075
aos32_OrderBad,mask,100000,6,2048,32,0.4655,0.4650,12417832495021403075
aos32_OrderBad,all,100000,0,1024,32,0.6415,0.6409,3162253614969632891
aos32_OrderBad,all,100000,1,1024,32,0.6420,0.6417,3162253614969632891
aos32_OrderBad,all,100000,2,1024,32,0.6379,0.6378,3162253614969632891
aos32_OrderBad,all,100000,3,1024,32,0.6357,0.6356,3162253614969632891
aos32_OrderBad,all,100000,4,1024,32,0.6364,0.6355,3162253614969632891
aos32_OrderBad,all,100000,5,1024,32,0.6365,0.6364,3162253614969632891
aos32_OrderBad,all,100000,6,1024,32,0.6421,0.6419,3162253614969632891
aos24_OrderGood,if,100000,0,256,24,3.0101,3.0069,12417832495021403075
aos24_OrderGood,if,100000,1,256,24,2.9720,2.9705,12417832495021403075
aos24_OrderGood,if,100000,2,256,24,2.9214,2.9213,12417832495021403075
aos24_OrderGood,if,100000,3,256,24,2.9279,2.9273,12417832495021403075
aos24_OrderGood,if,100000,4,256,24,2.9599,2.9595,12417832495021403075
aos24_OrderGood,if,100000,5,256,24,2.9474,2.9462,12417832495021403075
aos24_OrderGood,if,100000,6,256,24,2.9320,2.9319,12417832495021403075
aos24_OrderGood,mask,100000,0,1024,24,0.4915,0.4915,12417832495021403075
aos24_OrderGood,mask,100000,1,1024,24,0.4913,0.4913,12417832495021403075
aos24_OrderGood,mask,100000,2,1024,24,0.4963,0.4958,12417832495021403075
aos24_OrderGood,mask,100000,3,1024,24,0.4964,0.4952,12417832495021403075
aos24_OrderGood,mask,100000,4,1024,24,0.4883,0.4883,12417832495021403075
aos24_OrderGood,mask,100000,5,1024,24,0.4960,0.4959,12417832495021403075
aos24_OrderGood,mask,100000,6,1024,24,0.4833,0.4833,12417832495021403075
aos24_OrderGood,all,100000,0,1024,24,0.6357,0.6354,3162253614969632891
aos24_OrderGood,all,100000,1,1024,24,0.6327,0.6326,3162253614969632891
aos24_OrderGood,all,100000,2,1024,24,0.6464,0.6436,3162253614969632891
aos24_OrderGood,all,100000,3,1024,24,0.6286,0.6285,3162253614969632891
aos24_OrderGood,all,100000,4,1024,24,0.6288,0.6287,3162253614969632891
aos24_OrderGood,all,100000,5,1024,24,0.6263,0.6263,3162253614969632891
aos24_OrderGood,all,100000,6,1024,24,0.6292,0.6292,3162253614969632891
aos24_reordered_OrderBad,if,100000,0,256,24,2.8840,2.8837,12417832495021403075
aos24_reordered_OrderBad,if,100000,1,256,24,2.9678,2.9670,12417832495021403075
aos24_reordered_OrderBad,if,100000,2,256,24,2.9833,2.9808,12417832495021403075
aos24_reordered_OrderBad,if,100000,3,256,24,2.9545,2.9531,12417832495021403075
aos24_reordered_OrderBad,if,100000,4,256,24,2.9748,2.9707,12417832495021403075
aos24_reordered_OrderBad,if,100000,5,256,24,2.9470,2.9448,12417832495021403075
aos24_reordered_OrderBad,if,100000,6,256,24,2.9775,2.9749,12417832495021403075
aos24_reordered_OrderBad,mask,100000,0,1024,24,0.4907,0.4907,12417832495021403075
aos24_reordered_OrderBad,mask,100000,1,1024,24,0.4936,0.4935,12417832495021403075
aos24_reordered_OrderBad,mask,100000,2,1024,24,0.4888,0.4887,12417832495021403075
aos24_reordered_OrderBad,mask,100000,3,1024,24,0.4882,0.4882,12417832495021403075
aos24_reordered_OrderBad,mask,100000,4,1024,24,0.4918,0.4914,12417832495021403075
aos24_reordered_OrderBad,mask,100000,5,1024,24,0.4862,0.4860,12417832495021403075
aos24_reordered_OrderBad,mask,100000,6,1024,24,0.4925,0.4924,12417832495021403075
aos24_reordered_OrderBad,all,100000,0,1024,24,0.6318,0.6316,3162253614969632891
aos24_reordered_OrderBad,all,100000,1,1024,24,0.6280,0.6280,3162253614969632891
aos24_reordered_OrderBad,all,100000,2,1024,24,0.6281,0.6280,3162253614969632891
aos24_reordered_OrderBad,all,100000,3,1024,24,0.6290,0.6288,3162253614969632891
aos24_reordered_OrderBad,all,100000,4,1024,24,0.6260,0.6260,3162253614969632891
aos24_reordered_OrderBad,all,100000,5,1024,24,0.6327,0.6325,3162253614969632891
aos24_reordered_OrderBad,all,100000,6,1024,24,0.6337,0.6337,3162253614969632891
aos24_reordered_OrderGood_control,if,100000,0,256,24,3.0296,3.0232,12417832495021403075
aos24_reordered_OrderGood_control,if,100000,1,256,24,2.9641,2.9628,12417832495021403075
aos24_reordered_OrderGood_control,if,100000,2,256,24,2.9961,2.9951,12417832495021403075
aos24_reordered_OrderGood_control,if,100000,3,256,24,2.9681,2.9652,12417832495021403075
aos24_reordered_OrderGood_control,if,100000,4,256,24,3.0028,2.9988,12417832495021403075
aos24_reordered_OrderGood_control,if,100000,5,256,24,3.0220,3.0183,12417832495021403075
aos24_reordered_OrderGood_control,if,100000,6,256,24,2.9686,2.9643,12417832495021403075
aos24_reordered_OrderGood_control,mask,100000,0,1024,24,0.4958,0.4953,12417832495021403075
aos24_reordered_OrderGood_control,mask,100000,1,1024,24,0.4893,0.4893,12417832495021403075
aos24_reordered_OrderGood_control,mask,100000,2,1024,24,0.4896,0.4889,12417832495021403075
aos24_reordered_OrderGood_control,mask,100000,3,1024,24,0.4893,0.4893,12417832495021403075
aos24_reordered_OrderGood_control,mask,100000,4,1024,24,0.5056,0.5043,12417832495021403075
aos24_reordered_OrderGood_control,mask,100000,5,1024,24,0.4928,0.4919,12417832495021403075
aos24_reordered_OrderGood_control,mask,100000,6,1024,24,0.4941,0.4931,12417832495021403075
split_hot24_cold1,if,100000,0,256,24,3.0484,3.0354,12417832495021403075
split_hot24_cold1,if,100000,1,256,24,2.9762,2.9742,12417832495021403075
split_hot24_cold1,if,100000,2,256,24,2.9658,2.9657,12417832495021403075
split_hot24_cold1,if,100000,3,256,24,3.0247,3.0198,12417832495021403075
split_hot24_cold1,if,100000,4,256,24,2.9556,2.9549,12417832495021403075
split_hot24_cold1,if,100000,5,256,24,2.9651,2.9650,12417832495021403075
split_hot24_cold1,if,100000,6,256,24,2.9539,2.9537,12417832495021403075
split_hot24_cold1,mask,100000,0,1024,24,0.5114,0.5112,12417832495021403075
split_hot24_cold1,mask,100000,1,1024,24,0.5101,0.5100,12417832495021403075
split_hot24_cold1,mask,100000,2,1024,24,0.5128,0.5117,12417832495021403075
split_hot24_cold1,mask,100000,3,1024,24,0.5063,0.5054,12417832495021403075
split_hot24_cold1,mask,100000,4,1024,24,0.6285,0.5579,12417832495021403075
split_hot24_cold1,mask,100000,5,1024,24,0.5106,0.5101,12417832495021403075
split_hot24_cold1,mask,100000,6,1024,24,0.5090,0.5082,12417832495021403075
split_hot24_cold1,all,100000,0,1024,25,0.6374,0.6373,3162253614969632891
split_hot24_cold1,all,100000,1,1024,25,0.6495,0.6480,3162253614969632891
split_hot24_cold1,all,100000,2,1024,25,0.6520,0.6506,3162253614969632891
split_hot24_cold1,all,100000,3,1024,25,0.6449,0.6435,3162253614969632891
split_hot24_cold1,all,100000,4,1024,25,0.6454,0.6441,3162253614969632891
split_hot24_cold1,all,100000,5,1024,25,0.6509,0.6502,3162253614969632891
split_hot24_cold1,all,100000,6,1024,25,0.6492,0.6477,3162253614969632891
soa,if,100000,0,256,17,3.0201,3.0199,12417832495021403075
soa,if,100000,1,256,17,2.9983,2.9983,12417832495021403075
soa,if,100000,2,256,17,3.0354,3.0308,12417832495021403075
soa,if,100000,3,256,17,3.0531,3.0483,12417832495021403075
soa,if,100000,4,256,17,3.0250,3.0238,12417832495021403075
soa,if,100000,5,256,17,3.0289,3.0261,12417832495021403075
soa,if,100000,6,256,17,3.7456,3.2020,12417832495021403075
soa,mask,100000,0,2048,17,0.4037,0.4034,12417832495021403075
soa,mask,100000,1,2048,17,0.4038,0.4035,12417832495021403075
soa,mask,100000,2,2048,17,0.4050,0.4046,12417832495021403075
soa,mask,100000,3,2048,17,0.4044,0.4024,12417832495021403075
soa,mask,100000,4,2048,17,0.4033,0.4023,12417832495021403075
soa,mask,100000,5,2048,17,0.4050,0.4027,12417832495021403075
soa,mask,100000,6,2048,17,0.3987,0.3982,12417832495021403075
soa,all,100000,0,1024,18,0.6666,0.6661,3162253614969632891
soa,all,100000,1,1024,18,0.6571,0.6571,3162253614969632891
soa,all,100000,2,1024,18,0.6667,0.6659,3162253614969632891
soa,all,100000,3,1024,18,0.6674,0.6671,3162253614969632891
soa,all,100000,4,1024,18,0.6593,0.6592,3162253614969632891
soa,all,100000,5,1024,18,0.6564,0.6563,3162253614969632891
soa,all,100000,6,1024,18,0.6550,0.6549,3162253614969632891
aos32_OrderBad,if,10000000,0,2,32,3.1395,3.1394,10685914110317187020
aos32_OrderBad,if,10000000,1,2,32,3.1417,3.1411,10685914110317187020
aos32_OrderBad,if,10000000,2,2,32,3.1396,3.1377,10685914110317187020
aos32_OrderBad,if,10000000,3,2,32,3.1841,3.1833,10685914110317187020
aos32_OrderBad,if,10000000,4,2,32,3.1864,3.1832,10685914110317187020
aos32_OrderBad,if,10000000,5,2,32,3.1592,3.1557,10685914110317187020
aos32_OrderBad,if,10000000,6,2,32,3.1763,3.1730,10685914110317187020
aos32_OrderBad,mask,10000000,0,16,32,0.6441,0.5799,10685914110317187020
aos32_OrderBad,mask,10000000,1,16,32,0.8767,0.6353,10685914110317187020
aos32_OrderBad,mask,10000000,2,16,32,0.5809,0.5758,10685914110317187020
aos32_OrderBad,mask,10000000,3,16,32,0.5513,0.5513,10685914110317187020
aos32_OrderBad,mask,10000000,4,16,32,0.5492,0.5492,10685914110317187020
aos32_OrderBad,mask,10000000,5,16,32,0.5486,0.5486,10685914110317187020
aos32_OrderBad,mask,10000000,6,16,32,0.5615,0.5614,10685914110317187020
aos32_OrderBad,all,10000000,0,8,32,0.7288,0.6966,17462949628224715448
aos32_OrderBad,all,10000000,1,8,32,0.6932,0.6816,17462949628224715448
aos32_OrderBad,all,10000000,2,8,32,0.6693,0.6691,17462949628224715448
aos32_OrderBad,all,10000000,3,8,32,0.7005,0.6794,17462949628224715448
aos32_OrderBad,all,10000000,4,8,32,0.6566,0.6566,17462949628224715448
aos32_OrderBad,all,10000000,5,8,32,0.6588,0.6588,17462949628224715448
aos32_OrderBad,all,10000000,6,8,32,0.6608,0.6607,17462949628224715448
aos24_OrderGood,if,10000000,0,2,24,3.0991,3.0991,10685914110317187020
aos24_OrderGood,if,10000000,1,2,24,3.0951,3.0951,10685914110317187020
aos24_OrderGood,if,10000000,2,2,24,3.1032,3.1032,10685914110317187020
aos24_OrderGood,if,10000000,3,2,24,3.2454,3.1490,10685914110317187020
aos24_OrderGood,if,10000000,4,2,24,3.0998,3.0998,10685914110317187020
aos24_OrderGood,if,10000000,5,2,24,3.1154,3.1149,10685914110317187020
aos24_OrderGood,if,10000000,6,2,24,3.1298,3.1287,10685914110317187020
aos24_OrderGood,mask,10000000,0,16,24,0.4819,0.4799,10685914110317187020
aos24_OrderGood,mask,10000000,1,16,24,0.4737,0.4736,10685914110317187020
aos24_OrderGood,mask,10000000,2,16,24,0.4899,0.4899,10685914110317187020
aos24_OrderGood,mask,10000000,3,16,24,0.5060,0.5046,10685914110317187020
aos24_OrderGood,mask,10000000,4,16,24,0.5386,0.5271,10685914110317187020
aos24_OrderGood,mask,10000000,5,16,24,0.4978,0.4975,10685914110317187020
aos24_OrderGood,mask,10000000,6,16,24,0.4762,0.4763,10685914110317187020
aos24_OrderGood,all,10000000,0,8,24,0.6336,0.6336,17462949628224715448
aos24_OrderGood,all,10000000,1,8,24,0.6390,0.6379,17462949628224715448
aos24_OrderGood,all,10000000,2,8,24,0.6348,0.6348,17462949628224715448
aos24_OrderGood,all,10000000,3,8,24,0.6336,0.6336,17462949628224715448
aos24_OrderGood,all,10000000,4,8,24,0.6335,0.6335,17462949628224715448
aos24_OrderGood,all,10000000,5,8,24,0.6348,0.6348,17462949628224715448
aos24_OrderGood,all,10000000,6,8,24,0.6358,0.6358,17462949628224715448
aos24_reordered_OrderBad,if,10000000,0,2,24,3.0973,3.0973,10685914110317187020
aos24_reordered_OrderBad,if,10000000,1,2,24,3.0979,3.0979,10685914110317187020
aos24_reordered_OrderBad,if,10000000,2,2,24,3.0961,3.0960,10685914110317187020
aos24_reordered_OrderBad,if,10000000,3,2,24,3.0980,3.0981,10685914110317187020
aos24_reordered_OrderBad,if,10000000,4,2,24,3.1004,3.1004,10685914110317187020
aos24_reordered_OrderBad,if,10000000,5,2,24,3.0986,3.0987,10685914110317187020
aos24_reordered_OrderBad,if,10000000,6,2,24,3.0961,3.0960,10685914110317187020
aos24_reordered_OrderBad,mask,10000000,0,16,24,0.4702,0.4701,10685914110317187020
aos24_reordered_OrderBad,mask,10000000,1,16,24,0.4772,0.4772,10685914110317187020
aos24_reordered_OrderBad,mask,10000000,2,16,24,0.4893,0.4893,10685914110317187020
aos24_reordered_OrderBad,mask,10000000,3,16,24,0.4847,0.4844,10685914110317187020
aos24_reordered_OrderBad,mask,10000000,4,16,24,0.4715,0.4715,10685914110317187020
aos24_reordered_OrderBad,mask,10000000,5,16,24,0.4714,0.4714,10685914110317187020
aos24_reordered_OrderBad,mask,10000000,6,16,24,0.4707,0.4707,10685914110317187020
aos24_reordered_OrderBad,all,10000000,0,8,24,0.6613,0.6593,17462949628224715448
aos24_reordered_OrderBad,all,10000000,1,8,24,0.6411,0.6405,17462949628224715448
aos24_reordered_OrderBad,all,10000000,2,8,24,0.6338,0.6338,17462949628224715448
aos24_reordered_OrderBad,all,10000000,3,8,24,0.6381,0.6381,17462949628224715448
aos24_reordered_OrderBad,all,10000000,4,8,24,0.6385,0.6383,17462949628224715448
aos24_reordered_OrderBad,all,10000000,5,8,24,0.6454,0.6454,17462949628224715448
aos24_reordered_OrderBad,all,10000000,6,8,24,0.6373,0.6373,17462949628224715448
aos24_reordered_OrderGood_control,if,10000000,0,2,24,3.1069,3.1060,10685914110317187020
aos24_reordered_OrderGood_control,if,10000000,1,2,24,3.1119,3.1118,10685914110317187020
aos24_reordered_OrderGood_control,if,10000000,2,2,24,3.1041,3.1041,10685914110317187020
aos24_reordered_OrderGood_control,if,10000000,3,2,24,3.0994,3.0996,10685914110317187020
aos24_reordered_OrderGood_control,if,10000000,4,2,24,3.0970,3.0971,10685914110317187020
aos24_reordered_OrderGood_control,if,10000000,5,2,24,3.0952,3.0952,10685914110317187020
aos24_reordered_OrderGood_control,if,10000000,6,2,24,3.0952,3.0952,10685914110317187020
aos24_reordered_OrderGood_control,mask,10000000,0,16,24,0.4747,0.4747,10685914110317187020
aos24_reordered_OrderGood_control,mask,10000000,1,16,24,0.4705,0.4705,10685914110317187020
aos24_reordered_OrderGood_control,mask,10000000,2,16,24,0.4888,0.4871,10685914110317187020
aos24_reordered_OrderGood_control,mask,10000000,3,16,24,0.4973,0.4972,10685914110317187020
aos24_reordered_OrderGood_control,mask,10000000,4,16,24,0.5748,0.5294,10685914110317187020
aos24_reordered_OrderGood_control,mask,10000000,5,16,24,0.5052,0.5050,10685914110317187020
aos24_reordered_OrderGood_control,mask,10000000,6,16,24,0.5398,0.5042,10685914110317187020
split_hot24_cold1,if,10000000,0,2,24,3.1747,3.1631,10685914110317187020
split_hot24_cold1,if,10000000,1,2,24,3.1499,3.1483,10685914110317187020
split_hot24_cold1,if,10000000,2,2,24,3.1557,3.1510,10685914110317187020
split_hot24_cold1,if,10000000,3,2,24,3.5268,3.2524,10685914110317187020
split_hot24_cold1,if,10000000,4,2,24,3.1246,3.1240,10685914110317187020
split_hot24_cold1,if,10000000,5,2,24,3.1147,3.1121,10685914110317187020
split_hot24_cold1,if,10000000,6,2,24,3.1192,3.1189,10685914110317187020
split_hot24_cold1,mask,10000000,0,16,24,0.5128,0.5116,10685914110317187020
split_hot24_cold1,mask,10000000,1,16,24,0.4928,0.4923,10685914110317187020
split_hot24_cold1,mask,10000000,2,16,24,0.4753,0.4753,10685914110317187020
split_hot24_cold1,mask,10000000,3,16,24,0.4809,0.4809,10685914110317187020
split_hot24_cold1,mask,10000000,4,16,24,0.4886,0.4885,10685914110317187020
split_hot24_cold1,mask,10000000,5,16,24,0.4923,0.4923,10685914110317187020
split_hot24_cold1,mask,10000000,6,16,24,0.4911,0.4885,10685914110317187020
split_hot24_cold1,all,10000000,0,8,25,0.6531,0.6531,17462949628224715448
split_hot24_cold1,all,10000000,1,8,25,0.6554,0.6554,17462949628224715448
split_hot24_cold1,all,10000000,2,8,25,0.6544,0.6544,17462949628224715448
split_hot24_cold1,all,10000000,3,8,25,0.6502,0.6501,17462949628224715448
split_hot24_cold1,all,10000000,4,8,25,0.6651,0.6609,17462949628224715448
split_hot24_cold1,all,10000000,5,8,25,0.6490,0.6490,17462949628224715448
split_hot24_cold1,all,10000000,6,8,25,0.6547,0.6545,17462949628224715448
soa,if,10000000,0,2,17,3.0818,3.0817,10685914110317187020
soa,if,10000000,1,2,17,3.0703,3.0703,10685914110317187020
soa,if,10000000,2,2,17,3.0976,3.0931,10685914110317187020
soa,if,10000000,3,2,17,3.0662,3.0657,10685914110317187020
soa,if,10000000,4,2,17,3.1187,3.1181,10685914110317187020
soa,if,10000000,5,2,17,3.2039,3.1792,10685914110317187020
soa,if,10000000,6,2,17,3.3846,3.2197,10685914110317187020
soa,mask,10000000,0,16,17,0.4026,0.4026,10685914110317187020
soa,mask,10000000,1,16,17,0.4013,0.4013,10685914110317187020
soa,mask,10000000,2,16,17,0.4063,0.4062,10685914110317187020
soa,mask,10000000,3,16,17,0.4141,0.4126,10685914110317187020
soa,mask,10000000,4,16,17,0.4023,0.4023,10685914110317187020
soa,mask,10000000,5,16,17,0.4020,0.4020,10685914110317187020
soa,mask,10000000,6,16,17,0.4016,0.4016,10685914110317187020
soa,all,10000000,0,8,18,0.6503,0.6503,17462949628224715448
soa,all,10000000,1,8,18,0.6522,0.6522,17462949628224715448
soa,all,10000000,2,8,18,0.6501,0.6501,17462949628224715448
soa,all,10000000,3,8,18,0.6518,0.6516,17462949628224715448
soa,all,10000000,4,8,18,0.6533,0.6530,17462949628224715448
soa,all,10000000,5,8,18,0.6526,0.6522,17462949628224715448
soa,all,10000000,6,8,18,0.6556,0.6556,17462949628224715448
