flavour,variant,threads,run,n_per_thread,wall_ns,ns_per_increment,checksum_ok
atomic,packed,1,1,10000000,20051000,2.0051,1
atomic,padded_hdis,1,1,10000000,19773000,1.9773,1
atomic,padded_128,1,1,10000000,19839000,1.9839,1
atomic,padded_64,1,1,10000000,19724000,1.9724,1
atomic,shared_one,1,1,10000000,19340000,1.9340,1
atomic,thread_local,1,1,10000000,19073000,1.9073,1
atomic,stack_local,1,1,10000000,19701000,1.9701,1
plain,packed,1,1,10000000,4371000,0.4371,1
plain,padded_hdis,1,1,10000000,2863000,0.2863,1
plain,padded_128,1,1,10000000,2994000,0.2994,1
plain,padded_64,1,1,10000000,2944000,0.2944,1
plain,thread_local,1,1,10000000,2864000,0.2864,1
plain,stack_local,1,1,10000000,2862000,0.2862,1
atomic,packed,2,1,10000000,79840000,7.9840,1
atomic,padded_hdis,2,1,10000000,20818000,2.0818,1
atomic,padded_128,2,1,10000000,20844000,2.0844,1
atomic,padded_64,2,1,10000000,20770000,2.0770,1
atomic,shared_one,2,1,10000000,82690000,8.2690,1
atomic,thread_local,2,1,10000000,20560000,2.0560,1
atomic,stack_local,2,1,10000000,20223000,2.0223,1
plain,packed,2,1,10000000,12426000,1.2426,1
plain,padded_hdis,2,1,10000000,7698000,0.7698,1
plain,padded_128,2,1,10000000,3581000,0.3581,1
plain,padded_64,2,1,10000000,3750000,0.3750,1
plain,thread_local,2,1,10000000,6251000,0.6251,1
plain,stack_local,2,1,10000000,3051000,0.3051,1
atomic,packed,4,1,10000000,407559000,40.7559,1
atomic,padded_hdis,4,1,10000000,20831000,2.0831,1
atomic,padded_128,4,1,10000000,20736000,2.0736,1
atomic,padded_64,4,1,10000000,40927000,4.0927,1
atomic,shared_one,4,1,10000000,463824000,46.3824,1
atomic,thread_local,4,1,10000000,103924000,10.3924,1
atomic,stack_local,4,1,10000000,20694000,2.0694,1
plain,packed,4,1,10000000,14266000,1.4266,1
plain,padded_hdis,4,1,10000000,5309000,0.5309,1
plain,padded_128,4,1,10000000,4160000,0.4160,1
plain,padded_64,4,1,10000000,10972000,1.0972,1
plain,thread_local,4,1,10000000,14218000,1.4218,1
plain,stack_local,4,1,10000000,3338000,0.3338,1
atomic,packed,8,1,10000000,1779135000,177.9135,1
atomic,padded_hdis,8,1,10000000,21120000,2.1120,1
atomic,padded_128,8,1,10000000,21007000,2.1007,1
atomic,padded_64,8,1,10000000,41111000,4.1111,1
atomic,shared_one,8,1,10000000,1856865000,185.6865,1
atomic,thread_local,8,1,10000000,671108000,67.1108,1
atomic,stack_local,8,1,10000000,20802000,2.0802,1
plain,packed,8,1,10000000,17013000,1.7013,1
plain,padded_hdis,8,1,10000000,5375000,0.5375,1
plain,padded_128,8,1,10000000,5443000,0.5443,1
plain,padded_64,8,1,10000000,11377000,1.1377,1
plain,thread_local,8,1,10000000,16225000,1.6225,1
plain,stack_local,8,1,10000000,5343000,0.5343,1
atomic,packed,12,1,10000000,4435497000,443.5497,1
atomic,padded_hdis,12,1,10000000,29550000,2.9550,1
atomic,padded_128,12,1,10000000,32291000,3.2291,1
atomic,padded_64,12,1,10000000,65415000,6.5415,1
atomic,shared_one,12,1,10000000,6183389000,618.3389,1
atomic,thread_local,12,1,10000000,941141000,94.1141,1
atomic,stack_local,12,1,10000000,32206000,3.2206,1
plain,packed,12,1,10000000,28561000,2.8561,1
plain,padded_hdis,12,1,10000000,6259000,0.6259,1
plain,padded_128,12,1,10000000,5936000,0.5936,1
plain,padded_64,12,1,10000000,15489000,1.5489,1
plain,thread_local,12,1,10000000,28029000,2.8029,1
plain,stack_local,12,1,10000000,5871000,0.5871,1
atomic,packed,1,2,10000000,20107000,2.0107,1
atomic,padded_hdis,1,2,10000000,19757000,1.9757,1
atomic,padded_128,1,2,10000000,19734000,1.9734,1
atomic,padded_64,1,2,10000000,19984000,1.9984,1
atomic,shared_one,1,2,10000000,19331000,1.9331,1
atomic,thread_local,1,2,10000000,19839000,1.9839,1
atomic,stack_local,1,2,10000000,19733000,1.9733,1
plain,packed,1,2,10000000,2888000,0.2888,1
plain,padded_hdis,1,2,10000000,4270000,0.4270,1
plain,padded_128,1,2,10000000,3009000,0.3009,1
plain,padded_64,1,2,10000000,7492000,0.7492,1
plain,thread_local,1,2,10000000,2886000,0.2886,1
plain,stack_local,1,2,10000000,2892000,0.2892,1
atomic,packed,2,2,10000000,84273000,8.4273,1
atomic,padded_hdis,2,2,10000000,20326000,2.0326,1
atomic,padded_128,2,2,10000000,20029000,2.0029,1
atomic,padded_64,2,2,10000000,29046000,2.9046,1
atomic,shared_one,2,2,10000000,78941000,7.8941,1
atomic,thread_local,2,2,10000000,19887000,1.9887,1
atomic,stack_local,2,2,10000000,20180000,2.0180,1
plain,packed,2,2,10000000,12383000,1.2383,1
plain,padded_hdis,2,2,10000000,8871000,0.8871,1
plain,padded_128,2,2,10000000,6597000,0.6597,1
plain,padded_64,2,2,10000000,4501000,0.4501,1
plain,thread_local,2,2,10000000,5377000,0.5377,1
plain,stack_local,2,2,10000000,3071000,0.3071,1
atomic,packed,4,2,10000000,365456000,36.5456,1
atomic,padded_hdis,4,2,10000000,20752000,2.0752,1
atomic,padded_128,4,2,10000000,20746000,2.0746,1
atomic,padded_64,4,2,10000000,44099000,4.4099,1
atomic,shared_one,4,2,10000000,508687000,50.8687,1
atomic,thread_local,4,2,10000000,122661000,12.2661,1
atomic,stack_local,4,2,10000000,20729000,2.0729,1
plain,packed,4,2,10000000,14794000,1.4794,1
plain,padded_hdis,4,2,10000000,3367000,0.3367,1
plain,padded_128,4,2,10000000,3145000,0.3145,1
plain,padded_64,4,2,10000000,11633000,1.1633,1
plain,thread_local,4,2,10000000,12623000,1.2623,1
plain,stack_local,4,2,10000000,3094000,0.3094,1
atomic,packed,8,2,10000000,1709828000,170.9828,1
atomic,padded_hdis,8,2,10000000,21993000,2.1993,1
atomic,padded_128,8,2,10000000,20893000,2.0893,1
atomic,padded_64,8,2,10000000,56493000,5.6493,1
atomic,shared_one,8,2,10000000,1650146000,165.0146,1
atomic,thread_local,8,2,10000000,158161000,15.8161,1
atomic,stack_local,8,2,10000000,20778000,2.0778,1
plain,packed,8,2,10000000,17348000,1.7348,1
plain,padded_hdis,8,2,10000000,5320000,0.5320,1
plain,padded_128,8,2,10000000,4184000,0.4184,1
plain,padded_64,8,2,10000000,12380000,1.2380,1
plain,thread_local,8,2,10000000,16745000,1.6745,1
plain,stack_local,8,2,10000000,4018000,0.4018,1
atomic,packed,12,2,10000000,5383737000,538.3737,1
atomic,padded_hdis,12,2,10000000,24015000,2.4015,1
atomic,padded_128,12,2,10000000,23594000,2.3594,1
atomic,padded_64,12,2,10000000,64116000,6.4116,1
atomic,shared_one,12,2,10000000,5526980000,552.6980,1
atomic,thread_local,12,2,10000000,1533074000,153.3074,1
atomic,stack_local,12,2,10000000,27207000,2.7207,1
plain,packed,12,2,10000000,28139000,2.8139,1
plain,padded_hdis,12,2,10000000,6576000,0.6576,1
plain,padded_128,12,2,10000000,6927000,0.6927,1
plain,padded_64,12,2,10000000,16678000,1.6678,1
plain,thread_local,12,2,10000000,28727000,2.8727,1
plain,stack_local,12,2,10000000,5816000,0.5816,1
atomic,packed,1,3,10000000,20408000,2.0408,1
atomic,padded_hdis,1,3,10000000,20002000,2.0002,1
atomic,padded_128,1,3,10000000,19434000,1.9434,1
atomic,padded_64,1,3,10000000,19455000,1.9455,1
atomic,shared_one,1,3,10000000,20077000,2.0077,1
atomic,thread_local,1,3,10000000,19791000,1.9791,1
atomic,stack_local,1,3,10000000,19632000,1.9632,1
plain,packed,1,3,10000000,3611000,0.3611,1
plain,padded_hdis,1,3,10000000,3254000,0.3254,1
plain,padded_128,1,3,10000000,8147000,0.8147,1
plain,padded_64,1,3,10000000,3920000,0.3920,1
plain,thread_local,1,3,10000000,7736000,0.7736,1
plain,stack_local,1,3,10000000,2961000,0.2961,1
atomic,packed,2,3,10000000,91897000,9.1897,1
atomic,padded_hdis,2,3,10000000,20543000,2.0543,1
atomic,padded_128,2,3,10000000,20544000,2.0544,1
atomic,padded_64,2,3,10000000,20573000,2.0573,1
atomic,shared_one,2,3,10000000,98050000,9.8050,1
atomic,thread_local,2,3,10000000,94375000,9.4375,1
atomic,stack_local,2,3,10000000,20717000,2.0717,1
plain,packed,2,3,10000000,12408000,1.2408,1
plain,padded_hdis,2,3,10000000,3317000,0.3317,1
plain,padded_128,2,3,10000000,2987000,0.2987,1
plain,padded_64,2,3,10000000,3142000,0.3142,1
plain,thread_local,2,3,10000000,12367000,1.2367,1
plain,stack_local,2,3,10000000,3045000,0.3045,1
atomic,packed,4,3,10000000,488694000,48.8694,1
atomic,padded_hdis,4,3,10000000,20954000,2.0954,1
atomic,padded_128,4,3,10000000,20859000,2.0859,1
atomic,padded_64,4,3,10000000,36351000,3.6351,1
atomic,shared_one,4,3,10000000,495524000,49.5524,1
atomic,thread_local,4,3,10000000,455967000,45.5967,1
atomic,stack_local,4,3,10000000,20712000,2.0712,1
plain,packed,4,3,10000000,14781000,1.4781,1
plain,padded_hdis,4,3,10000000,3908000,0.3908,1
plain,padded_128,4,3,10000000,3473000,0.3473,1
plain,padded_64,4,3,10000000,10934000,1.0934,1
plain,thread_local,4,3,10000000,15334000,1.5334,1
plain,stack_local,4,3,10000000,3129000,0.3129,1
atomic,packed,8,3,10000000,1827305000,182.7305,1
atomic,padded_hdis,8,3,10000000,21014000,2.1014,1
atomic,padded_128,8,3,10000000,21009000,2.1009,1
atomic,padded_64,8,3,10000000,75617000,7.5617,1
atomic,shared_one,8,3,10000000,1980654000,198.0654,1
atomic,thread_local,8,3,10000000,1235755000,123.5755,1
atomic,stack_local,8,3,10000000,21044000,2.1044,1
plain,packed,8,3,10000000,19845000,1.9845,1
plain,padded_hdis,8,3,10000000,3105000,0.3105,1
plain,padded_128,8,3,10000000,3099000,0.3099,1
plain,padded_64,8,3,10000000,3078000,0.3078,1
plain,thread_local,8,3,10000000,17102000,1.7102,1
plain,stack_local,8,3,10000000,3334000,0.3334,1
atomic,packed,12,3,10000000,3187631000,318.7631,1
atomic,padded_hdis,12,3,10000000,31675000,3.1675,1
atomic,padded_128,12,3,10000000,29992000,2.9992,1
atomic,padded_64,12,3,10000000,60720000,6.0720,1
atomic,shared_one,12,3,10000000,5285691000,528.5691,1
atomic,thread_local,12,3,10000000,1218106000,121.8106,1
atomic,stack_local,12,3,10000000,40829000,4.0829,1
plain,packed,12,3,10000000,45473000,4.5473,1
plain,padded_hdis,12,3,10000000,11665000,1.1665,1
plain,padded_128,12,3,10000000,10045000,1.0045,1
plain,padded_64,12,3,10000000,14588000,1.4588,1
plain,thread_local,12,3,10000000,31374000,3.1374,1
plain,stack_local,12,3,10000000,9083000,0.9083,1
atomic,packed,1,4,10000000,21301000,2.1301,1
atomic,padded_hdis,1,4,10000000,21214000,2.1214,1
atomic,padded_128,1,4,10000000,20528000,2.0528,1
atomic,padded_64,1,4,10000000,20438000,2.0438,1
atomic,shared_one,1,4,10000000,20983000,2.0983,1
atomic,thread_local,1,4,10000000,21172000,2.1172,1
atomic,stack_local,1,4,10000000,20837000,2.0837,1
plain,packed,1,4,10000000,3031000,0.3031,1
plain,padded_hdis,1,4,10000000,3039000,0.3039,1
plain,padded_128,1,4,10000000,3019000,0.3019,1
plain,padded_64,1,4,10000000,3054000,0.3054,1
plain,thread_local,1,4,10000000,3049000,0.3049,1
plain,stack_local,1,4,10000000,2970000,0.2970,1
atomic,packed,2,4,10000000,98961000,9.8961,1
atomic,padded_hdis,2,4,10000000,20407000,2.0407,1
atomic,padded_128,2,4,10000000,20901000,2.0901,1
atomic,padded_64,2,4,10000000,24155000,2.4155,1
atomic,shared_one,2,4,10000000,95754000,9.5754,1
atomic,thread_local,2,4,10000000,95094000,9.5094,1
atomic,stack_local,2,4,10000000,20257000,2.0257,1
plain,packed,2,4,10000000,12314000,1.2314,1
plain,padded_hdis,2,4,10000000,3168000,0.3168,1
plain,padded_128,2,4,10000000,5160000,0.5160,1
plain,padded_64,2,4,10000000,4712000,0.4712,1
plain,thread_local,2,4,10000000,12395000,1.2395,1
plain,stack_local,2,4,10000000,3073000,0.3073,1
atomic,packed,4,4,10000000,422925000,42.2925,1
atomic,padded_hdis,4,4,10000000,20818000,2.0818,1
atomic,padded_128,4,4,10000000,20581000,2.0581,1
atomic,padded_64,4,4,10000000,38826000,3.8826,1
atomic,shared_one,4,4,10000000,441260000,44.1260,1
atomic,thread_local,4,4,10000000,497238000,49.7238,1
atomic,stack_local,4,4,10000000,20759000,2.0759,1
plain,packed,4,4,10000000,15331000,1.5331,1
plain,padded_hdis,4,4,10000000,3080000,0.3080,1
plain,padded_128,4,4,10000000,3097000,0.3097,1
plain,padded_64,4,4,10000000,10865000,1.0865,1
plain,thread_local,4,4,10000000,16301000,1.6301,1
plain,stack_local,4,4,10000000,6533000,0.6533,1
atomic,packed,8,4,10000000,1631466000,163.1466,1
atomic,padded_hdis,8,4,10000000,21172000,2.1172,1
atomic,padded_128,8,4,10000000,20902000,2.0902,1
atomic,padded_64,8,4,10000000,50118000,5.0118,1
atomic,shared_one,8,4,10000000,1849836000,184.9836,1
atomic,thread_local,8,4,10000000,1264753000,126.4753,1
atomic,stack_local,8,4,10000000,21108000,2.1108,1
plain,packed,8,4,10000000,17337000,1.7337,1
plain,padded_hdis,8,4,10000000,4834000,0.4834,1
plain,padded_128,8,4,10000000,3301000,0.3301,1
plain,padded_64,8,4,10000000,3302000,0.3302,1
plain,thread_local,8,4,10000000,18441000,1.8441,1
plain,stack_local,8,4,10000000,5882000,0.5882,1
atomic,packed,12,4,10000000,4619899000,461.9899,1
atomic,padded_hdis,12,4,10000000,31937000,3.1937,1
atomic,padded_128,12,4,10000000,30691000,3.0691,1
atomic,padded_64,12,4,10000000,52543000,5.2543,1
atomic,shared_one,12,4,10000000,5439448000,543.9448,1
atomic,thread_local,12,4,10000000,1468373000,146.8373,1
atomic,stack_local,12,4,10000000,28571000,2.8571,1
plain,packed,12,4,10000000,28245000,2.8245,1
plain,padded_hdis,12,4,10000000,6715000,0.6715,1
plain,padded_128,12,4,10000000,6039000,0.6039,1
plain,padded_64,12,4,10000000,14128000,1.4128,1
plain,thread_local,12,4,10000000,26245000,2.6245,1
plain,stack_local,12,4,10000000,6168000,0.6168,1
atomic,packed,1,5,10000000,21450000,2.1450,1
atomic,padded_hdis,1,5,10000000,20639000,2.0639,1
atomic,padded_128,1,5,10000000,20915000,2.0915,1
atomic,padded_64,1,5,10000000,21279000,2.1279,1
atomic,shared_one,1,5,10000000,20397000,2.0397,1
atomic,thread_local,1,5,10000000,20202000,2.0202,1
atomic,stack_local,1,5,10000000,20252000,2.0252,1
plain,packed,1,5,10000000,2951000,0.2951,1
plain,padded_hdis,1,5,10000000,2959000,0.2959,1
plain,padded_128,1,5,10000000,2953000,0.2953,1
plain,padded_64,1,5,10000000,3026000,0.3026,1
plain,thread_local,1,5,10000000,3248000,0.3248,1
plain,stack_local,1,5,10000000,3233000,0.3233,1
atomic,packed,2,5,10000000,74449000,7.4449,1
atomic,padded_hdis,2,5,10000000,20368000,2.0368,1
atomic,padded_128,2,5,10000000,20374000,2.0374,1
atomic,padded_64,2,5,10000000,20325000,2.0325,1
atomic,shared_one,2,5,10000000,81191000,8.1191,1
atomic,thread_local,2,5,10000000,88484000,8.8484,1
atomic,stack_local,2,5,10000000,21115000,2.1115,1
plain,packed,2,5,10000000,12463000,1.2463,1
plain,padded_hdis,2,5,10000000,3095000,0.3095,1
plain,padded_128,2,5,10000000,3108000,0.3108,1
plain,padded_64,2,5,10000000,4015000,0.4015,1
plain,thread_local,2,5,10000000,12208000,1.2208,1
plain,stack_local,2,5,10000000,3052000,0.3052,1
atomic,packed,4,5,10000000,437018000,43.7018,1
atomic,padded_hdis,4,5,10000000,20869000,2.0869,1
atomic,padded_128,4,5,10000000,20818000,2.0818,1
atomic,padded_64,4,5,10000000,38573000,3.8573,1
atomic,shared_one,4,5,10000000,377478000,37.7478,1
atomic,thread_local,4,5,10000000,441103000,44.1103,1
atomic,stack_local,4,5,10000000,20789000,2.0789,1
plain,packed,4,5,10000000,14962000,1.4962,1
plain,padded_hdis,4,5,10000000,3081000,0.3081,1
plain,padded_128,4,5,10000000,3207000,0.3207,1
plain,padded_64,4,5,10000000,10938000,1.0938,1
plain,thread_local,4,5,10000000,14955000,1.4955,1
plain,stack_local,4,5,10000000,3082000,0.3082,1
atomic,packed,8,5,10000000,1715131000,171.5131,1
atomic,padded_hdis,8,5,10000000,20992000,2.0992,1
atomic,padded_128,8,5,10000000,21406000,2.1406,1
atomic,padded_64,8,5,10000000,39199000,3.9199,1
atomic,shared_one,8,5,10000000,1079354000,107.9354,1
atomic,thread_local,8,5,10000000,608519000,60.8519,1
atomic,stack_local,8,5,10000000,53280000,5.3280,1
plain,packed,8,5,10000000,26911000,2.6911,1
plain,padded_hdis,8,5,10000000,6448000,0.6448,1
plain,padded_128,8,5,10000000,5142000,0.5142,1
plain,padded_64,8,5,10000000,40518000,4.0518,1
plain,thread_local,8,5,10000000,525686000,52.5686,1
plain,stack_local,8,5,10000000,38253000,3.8253,1
atomic,packed,12,5,10000000,486334000,48.6334,1
atomic,padded_hdis,12,5,10000000,48118000,4.8118,1
atomic,padded_128,12,5,10000000,64507000,6.4507,1
atomic,padded_64,12,5,10000000,64777000,6.4777,1
atomic,shared_one,12,5,10000000,1521748000,152.1748,1
atomic,thread_local,12,5,10000000,743078000,74.3078,1
atomic,stack_local,12,5,10000000,29605000,2.9605,1
plain,packed,12,5,10000000,31440000,3.1440,1
plain,padded_hdis,12,5,10000000,6152000,0.6152,1
plain,padded_128,12,5,10000000,6732000,0.6732,1
plain,padded_64,12,5,10000000,14103000,1.4103,1
plain,thread_local,12,5,10000000,30169000,3.0169,1
plain,stack_local,12,5,10000000,7396000,0.7396,1
atomic,packed,1,6,10000000,21151000,2.1151,1
atomic,padded_hdis,1,6,10000000,20733000,2.0733,1
atomic,padded_128,1,6,10000000,20561000,2.0561,1
atomic,padded_64,1,6,10000000,20575000,2.0575,1
atomic,shared_one,1,6,10000000,20836000,2.0836,1
atomic,thread_local,1,6,10000000,20875000,2.0875,1
atomic,stack_local,1,6,10000000,20641000,2.0641,1
plain,packed,1,6,10000000,3091000,0.3091,1
plain,padded_hdis,1,6,10000000,3057000,0.3057,1
plain,padded_128,1,6,10000000,3076000,0.3076,1
plain,padded_64,1,6,10000000,3049000,0.3049,1
plain,thread_local,1,6,10000000,3098000,0.3098,1
plain,stack_local,1,6,10000000,3071000,0.3071,1
atomic,packed,2,6,10000000,90067000,9.0067,1
atomic,padded_hdis,2,6,10000000,20735000,2.0735,1
atomic,padded_128,2,6,10000000,20780000,2.0780,1
atomic,padded_64,2,6,10000000,20682000,2.0682,1
atomic,shared_one,2,6,10000000,106295000,10.6295,1
atomic,thread_local,2,6,10000000,117182000,11.7182,1
atomic,stack_local,2,6,10000000,20866000,2.0866,1
plain,packed,2,6,10000000,12591000,1.2591,1
plain,padded_hdis,2,6,10000000,3140000,0.3140,1
plain,padded_128,2,6,10000000,3160000,0.3160,1
plain,padded_64,2,6,10000000,3105000,0.3105,1
plain,thread_local,2,6,10000000,12453000,1.2453,1
plain,stack_local,2,6,10000000,3230000,0.3230,1
atomic,packed,4,6,10000000,495044000,49.5044,1
atomic,padded_hdis,4,6,10000000,20639000,2.0639,1
atomic,padded_128,4,6,10000000,20617000,2.0617,1
atomic,padded_64,4,6,10000000,30038000,3.0038,1
atomic,shared_one,4,6,10000000,500221000,50.0221,1
atomic,thread_local,4,6,10000000,466217000,46.6217,1
atomic,stack_local,4,6,10000000,20785000,2.0785,1
plain,packed,4,6,10000000,15381000,1.5381,1
plain,padded_hdis,4,6,10000000,3077000,0.3077,1
plain,padded_128,4,6,10000000,3086000,0.3086,1
plain,padded_64,4,6,10000000,10936000,1.0936,1
plain,thread_local,4,6,10000000,15150000,1.5150,1
plain,stack_local,4,6,10000000,3068000,0.3068,1
atomic,packed,8,6,10000000,1817394000,181.7394,1
atomic,padded_hdis,8,6,10000000,21166000,2.1166,1
atomic,padded_128,8,6,10000000,20878000,2.0878,1
atomic,padded_64,8,6,10000000,31031000,3.1031,1
atomic,shared_one,8,6,10000000,1850264000,185.0264,1
atomic,thread_local,8,6,10000000,1143342000,114.3342,1
atomic,stack_local,8,6,10000000,21189000,2.1189,1
plain,packed,8,6,10000000,17105000,1.7105,1
plain,padded_hdis,8,6,10000000,3515000,0.3515,1
plain,padded_128,8,6,10000000,3615000,0.3615,1
plain,padded_64,8,6,10000000,3818000,0.3818,1
plain,thread_local,8,6,10000000,17282000,1.7282,1
plain,stack_local,8,6,10000000,3241000,0.3241,1
atomic,packed,12,6,10000000,4721406000,472.1406,1
atomic,padded_hdis,12,6,10000000,31921000,3.1921,1
atomic,padded_128,12,6,10000000,28282000,2.8282,1
atomic,padded_64,12,6,10000000,101528000,10.1528,1
atomic,shared_one,12,6,10000000,6064550000,606.4550,1
atomic,thread_local,12,6,10000000,1612524000,161.2524,1
atomic,stack_local,12,6,10000000,27601000,2.7601,1
plain,packed,12,6,10000000,30861000,3.0861,1
plain,padded_hdis,12,6,10000000,6059000,0.6059,1
plain,padded_128,12,6,10000000,6165000,0.6165,1
plain,padded_64,12,6,10000000,17743000,1.7743,1
plain,thread_local,12,6,10000000,26083000,2.6083,1
plain,stack_local,12,6,10000000,6156000,0.6156,1
atomic,packed,1,7,10000000,20229000,2.0229,1
atomic,padded_hdis,1,7,10000000,20200000,2.0200,1
atomic,padded_128,1,7,10000000,20382000,2.0382,1
atomic,padded_64,1,7,10000000,20175000,2.0175,1
atomic,shared_one,1,7,10000000,20193000,2.0193,1
atomic,thread_local,1,7,10000000,20215000,2.0215,1
atomic,stack_local,1,7,10000000,19940000,1.9940,1
plain,packed,1,7,10000000,5370000,0.5370,1
plain,padded_hdis,1,7,10000000,3039000,0.3039,1
plain,padded_128,1,7,10000000,3989000,0.3989,1
plain,padded_64,1,7,10000000,3877000,0.3877,1
plain,thread_local,1,7,10000000,3152000,0.3152,1
plain,stack_local,1,7,10000000,3182000,0.3182,1
atomic,packed,2,7,10000000,102228000,10.2228,1
atomic,padded_hdis,2,7,10000000,20296000,2.0296,1
atomic,padded_128,2,7,10000000,20533000,2.0533,1
atomic,padded_64,2,7,10000000,20452000,2.0452,1
atomic,shared_one,2,7,10000000,86668000,8.6668,1
atomic,thread_local,2,7,10000000,100631000,10.0631,1
atomic,stack_local,2,7,10000000,20990000,2.0990,1
plain,packed,2,7,10000000,13695000,1.3695,1
plain,padded_hdis,2,7,10000000,3480000,0.3480,1
plain,padded_128,2,7,10000000,3131000,0.3131,1
plain,padded_64,2,7,10000000,11167000,1.1167,1
plain,thread_local,2,7,10000000,12443000,1.2443,1
plain,stack_local,2,7,10000000,3009000,0.3009,1
atomic,packed,4,7,10000000,480040000,48.0040,1
atomic,padded_hdis,4,7,10000000,20754000,2.0754,1
atomic,padded_128,4,7,10000000,20748000,2.0748,1
atomic,padded_64,4,7,10000000,37999000,3.7999,1
atomic,shared_one,4,7,10000000,468173000,46.8173,1
atomic,thread_local,4,7,10000000,469401000,46.9401,1
atomic,stack_local,4,7,10000000,20771000,2.0771,1
plain,packed,4,7,10000000,14691000,1.4691,1
plain,padded_hdis,4,7,10000000,4141000,0.4141,1
plain,padded_128,4,7,10000000,6989000,0.6989,1
plain,padded_64,4,7,10000000,10988000,1.0988,1
plain,thread_local,4,7,10000000,14773000,1.4773,1
plain,stack_local,4,7,10000000,3094000,0.3094,1
atomic,packed,8,7,10000000,1693606000,169.3606,1
atomic,padded_hdis,8,7,10000000,21024000,2.1024,1
atomic,padded_128,8,7,10000000,20888000,2.0888,1
atomic,padded_64,8,7,10000000,47799000,4.7799,1
atomic,shared_one,8,7,10000000,1730521000,173.0521,1
atomic,thread_local,8,7,10000000,1189249000,118.9249,1
atomic,stack_local,8,7,10000000,20762000,2.0762,1
plain,packed,8,7,10000000,16999000,1.6999,1
plain,padded_hdis,8,7,10000000,5902000,0.5902,1
plain,padded_128,8,7,10000000,3717000,0.3717,1
plain,padded_64,8,7,10000000,11481000,1.1481,1
plain,thread_local,8,7,10000000,17881000,1.7881,1
plain,stack_local,8,7,10000000,3491000,0.3491,1
atomic,packed,12,7,10000000,5191452000,519.1452,1
atomic,padded_hdis,12,7,10000000,30751000,3.0751,1
atomic,padded_128,12,7,10000000,28042000,2.8042,1
atomic,padded_64,12,7,10000000,94514000,9.4514,1
atomic,shared_one,12,7,10000000,6106145000,610.6145,1
atomic,thread_local,12,7,10000000,1583367000,158.3367,1
atomic,stack_local,12,7,10000000,30966000,3.0966,1
plain,packed,12,7,10000000,28415000,2.8415,1
plain,padded_hdis,12,7,10000000,6719000,0.6719,1
plain,padded_128,12,7,10000000,6182000,0.6182,1
plain,padded_64,12,7,10000000,21011000,2.1011,1
plain,thread_local,12,7,10000000,26307000,2.6307,1
plain,stack_local,12,7,10000000,6528000,0.6528,1
atomic,packed,1,8,10000000,20293000,2.0293,1
atomic,padded_hdis,1,8,10000000,20454000,2.0454,1
atomic,padded_128,1,8,10000000,20258000,2.0258,1
atomic,padded_64,1,8,10000000,20128000,2.0128,1
atomic,shared_one,1,8,10000000,20126000,2.0126,1
atomic,thread_local,1,8,10000000,20257000,2.0257,1
atomic,stack_local,1,8,10000000,20149000,2.0149,1
plain,packed,1,8,10000000,2977000,0.2977,1
plain,padded_hdis,1,8,10000000,3150000,0.3150,1
plain,padded_128,1,8,10000000,3720000,0.3720,1
plain,padded_64,1,8,10000000,3083000,0.3083,1
plain,thread_local,1,8,10000000,4159000,0.4159,1
plain,stack_local,1,8,10000000,3383000,0.3383,1
atomic,packed,2,8,10000000,84218000,8.4218,1
atomic,padded_hdis,2,8,10000000,20462000,2.0462,1
atomic,padded_128,2,8,10000000,20507000,2.0507,1
atomic,padded_64,2,8,10000000,20286000,2.0286,1
atomic,shared_one,2,8,10000000,84111000,8.4111,1
atomic,thread_local,2,8,10000000,87436000,8.7436,1
atomic,stack_local,2,8,10000000,20354000,2.0354,1
plain,packed,2,8,10000000,12400000,1.2400,1
plain,padded_hdis,2,8,10000000,8905000,0.8905,1
plain,padded_128,2,8,10000000,3386000,0.3386,1
plain,padded_64,2,8,10000000,3452000,0.3452,1
plain,thread_local,2,8,10000000,13058000,1.3058,1
plain,stack_local,2,8,10000000,3324000,0.3324,1
atomic,packed,4,8,10000000,387977000,38.7977,1
atomic,padded_hdis,4,8,10000000,20702000,2.0702,1
atomic,padded_128,4,8,10000000,20750000,2.0750,1
atomic,padded_64,4,8,10000000,55003000,5.5003,1
atomic,shared_one,4,8,10000000,439707000,43.9707,1
atomic,thread_local,4,8,10000000,413579000,41.3579,1
atomic,stack_local,4,8,10000000,20750000,2.0750,1
plain,packed,4,8,10000000,14848000,1.4848,1
plain,padded_hdis,4,8,10000000,3065000,0.3065,1
plain,padded_128,4,8,10000000,7111000,0.7111,1
plain,padded_64,4,8,10000000,11606000,1.1606,1
plain,thread_local,4,8,10000000,15089000,1.5089,1
plain,stack_local,4,8,10000000,3777000,0.3777,1
atomic,packed,8,8,10000000,1759537000,175.9537,1
atomic,padded_hdis,8,8,10000000,21072000,2.1072,1
atomic,padded_128,8,8,10000000,21565000,2.1565,1
atomic,padded_64,8,8,10000000,61681000,6.1681,1
atomic,shared_one,8,8,10000000,1741143000,174.1143,1
atomic,thread_local,8,8,10000000,1180534000,118.0534,1
atomic,stack_local,8,8,10000000,21059000,2.1059,1
plain,packed,8,8,10000000,17684000,1.7684,1
plain,padded_hdis,8,8,10000000,5356000,0.5356,1
plain,padded_128,8,8,10000000,4325000,0.4325,1
plain,padded_64,8,8,10000000,14318000,1.4318,1
plain,thread_local,8,8,10000000,17384000,1.7384,1
plain,stack_local,8,8,10000000,5282000,0.5282,1
atomic,packed,12,8,10000000,5272860000,527.2860,1
atomic,padded_hdis,12,8,10000000,31844000,3.1844,1
atomic,padded_128,12,8,10000000,29012000,2.9012,1
atomic,padded_64,12,8,10000000,67443000,6.7443,1
atomic,shared_one,12,8,10000000,5386522000,538.6522,1
atomic,thread_local,12,8,10000000,1589185000,158.9185,1
atomic,stack_local,12,8,10000000,27306000,2.7306,1
plain,packed,12,8,10000000,28329000,2.8329,1
plain,padded_hdis,12,8,10000000,5869000,0.5869,1
plain,padded_128,12,8,10000000,6430000,0.6430,1
plain,padded_64,12,8,10000000,11733000,1.1733,1
plain,thread_local,12,8,10000000,29745000,2.9745,1
plain,stack_local,12,8,10000000,6430000,0.6430,1
atomic,packed,1,9,10000000,20287000,2.0287,1
atomic,padded_hdis,1,9,10000000,20704000,2.0704,1
atomic,padded_128,1,9,10000000,20404000,2.0404,1
atomic,padded_64,1,9,10000000,20488000,2.0488,1
atomic,shared_one,1,9,10000000,20557000,2.0557,1
atomic,thread_local,1,9,10000000,20536000,2.0536,1
atomic,stack_local,1,9,10000000,20426000,2.0426,1
plain,packed,1,9,10000000,3225000,0.3225,1
plain,padded_hdis,1,9,10000000,3162000,0.3162,1
plain,padded_128,1,9,10000000,3078000,0.3078,1
plain,padded_64,1,9,10000000,3334000,0.3334,1
plain,thread_local,1,9,10000000,3077000,0.3077,1
plain,stack_local,1,9,10000000,3021000,0.3021,1
atomic,packed,2,9,10000000,105528000,10.5528,1
atomic,padded_hdis,2,9,10000000,20281000,2.0281,1
atomic,padded_128,2,9,10000000,20868000,2.0868,1
atomic,padded_64,2,9,10000000,20612000,2.0612,1
atomic,shared_one,2,9,10000000,87496000,8.7496,1
atomic,thread_local,2,9,10000000,97423000,9.7423,1
atomic,stack_local,2,9,10000000,20219000,2.0219,1
plain,packed,2,9,10000000,12314000,1.2314,1
plain,padded_hdis,2,9,10000000,4378000,0.4378,1
plain,padded_128,2,9,10000000,3051000,0.3051,1
plain,padded_64,2,9,10000000,2988000,0.2988,1
plain,thread_local,2,9,10000000,13032000,1.3032,1
plain,stack_local,2,9,10000000,2995000,0.2995,1
atomic,packed,4,9,10000000,388612000,38.8612,1
atomic,padded_hdis,4,9,10000000,20580000,2.0580,1
atomic,padded_128,4,9,10000000,20571000,2.0571,1
atomic,padded_64,4,9,10000000,29924000,2.9924,1
atomic,shared_one,4,9,10000000,436150000,43.6150,1
atomic,thread_local,4,9,10000000,440929000,44.0929,1
atomic,stack_local,4,9,10000000,20782000,2.0782,1
plain,packed,4,9,10000000,14804000,1.4804,1
plain,padded_hdis,4,9,10000000,5238000,0.5238,1
plain,padded_128,4,9,10000000,3800000,0.3800,1
plain,padded_64,4,9,10000000,11614000,1.1614,1
plain,thread_local,4,9,10000000,14882000,1.4882,1
plain,stack_local,4,9,10000000,3315000,0.3315,1
atomic,packed,8,9,10000000,1746658000,174.6658,1
atomic,padded_hdis,8,9,10000000,20942000,2.0942,1
atomic,padded_128,8,9,10000000,21075000,2.1075,1
atomic,padded_64,8,9,10000000,63703000,6.3703,1
atomic,shared_one,8,9,10000000,1712349000,171.2349,1
atomic,thread_local,8,9,10000000,1207542000,120.7542,1
atomic,stack_local,8,9,10000000,21279000,2.1279,1
plain,packed,8,9,10000000,17677000,1.7677,1
plain,padded_hdis,8,9,10000000,5390000,0.5390,1
plain,padded_128,8,9,10000000,3328000,0.3328,1
plain,padded_64,8,9,10000000,11288000,1.1288,1
plain,thread_local,8,9,10000000,17015000,1.7015,1
plain,stack_local,8,9,10000000,3563000,0.3563,1
atomic,packed,12,9,10000000,4344179000,434.4179,1
atomic,padded_hdis,12,9,10000000,30343000,3.0343,1
atomic,padded_128,12,9,10000000,28952000,2.8952,1
atomic,padded_64,12,9,10000000,71102000,7.1102,1
atomic,shared_one,12,9,10000000,5845903000,584.5903,1
atomic,thread_local,12,9,10000000,1429595000,142.9595,1
atomic,stack_local,12,9,10000000,26629000,2.6629,1
plain,packed,12,9,10000000,29636000,2.9636,1
plain,padded_hdis,12,9,10000000,6125000,0.6125,1
plain,padded_128,12,9,10000000,6625000,0.6625,1
plain,padded_64,12,9,10000000,15584000,1.5584,1
plain,thread_local,12,9,10000000,27150000,2.7150,1
plain,stack_local,12,9,10000000,6074000,0.6074,1
atomic,packed,1,10,10000000,19970000,1.9970,1
atomic,padded_hdis,1,10,10000000,19884000,1.9884,1
atomic,padded_128,1,10,10000000,20198000,2.0198,1
atomic,padded_64,1,10,10000000,20205000,2.0205,1
atomic,shared_one,1,10,10000000,19884000,1.9884,1
atomic,thread_local,1,10,10000000,19916000,1.9916,1
atomic,stack_local,1,10,10000000,19862000,1.9862,1
plain,packed,1,10,10000000,3651000,0.3651,1
plain,padded_hdis,1,10,10000000,3413000,0.3413,1
plain,padded_128,1,10,10000000,3506000,0.3506,1
plain,padded_64,1,10,10000000,3053000,0.3053,1
plain,thread_local,1,10,10000000,3007000,0.3007,1
plain,stack_local,1,10,10000000,2969000,0.2969,1
atomic,packed,2,10,10000000,84995000,8.4995,1
atomic,padded_hdis,2,10,10000000,20540000,2.0540,1
atomic,padded_128,2,10,10000000,20495000,2.0495,1
atomic,padded_64,2,10,10000000,20264000,2.0264,1
atomic,shared_one,2,10,10000000,98264000,9.8264,1
atomic,thread_local,2,10,10000000,103970000,10.3970,1
atomic,stack_local,2,10,10000000,20756000,2.0756,1
plain,packed,2,10,10000000,12363000,1.2363,1
plain,padded_hdis,2,10,10000000,3183000,0.3183,1
plain,padded_128,2,10,10000000,3275000,0.3275,1
plain,padded_64,2,10,10000000,11442000,1.1442,1
plain,thread_local,2,10,10000000,14494000,1.4494,1
plain,stack_local,2,10,10000000,2979000,0.2979,1
atomic,packed,4,10,10000000,421067000,42.1067,1
atomic,padded_hdis,4,10,10000000,20485000,2.0485,1
atomic,padded_128,4,10,10000000,20526000,2.0526,1
atomic,padded_64,4,10,10000000,29451000,2.9451,1
atomic,shared_one,4,10,10000000,450510000,45.0510,1
atomic,thread_local,4,10,10000000,443254000,44.3254,1
atomic,stack_local,4,10,10000000,20497000,2.0497,1
plain,packed,4,10,10000000,15380000,1.5380,1
plain,padded_hdis,4,10,10000000,4871000,0.4871,1
plain,padded_128,4,10,10000000,3389000,0.3389,1
plain,padded_64,4,10,10000000,14641000,1.4641,1
plain,thread_local,4,10,10000000,15678000,1.5678,1
plain,stack_local,4,10,10000000,3068000,0.3068,1
atomic,packed,8,10,10000000,1765567000,176.5567,1
atomic,padded_hdis,8,10,10000000,24651000,2.4651,1
atomic,padded_128,8,10,10000000,22192000,2.2192,1
atomic,padded_64,8,10,10000000,52945000,5.2945,1
atomic,shared_one,8,10,10000000,1733743000,173.3743,1
atomic,thread_local,8,10,10000000,1013679000,101.3679,1
atomic,stack_local,8,10,10000000,20819000,2.0819,1
plain,packed,8,10,10000000,17119000,1.7119,1
plain,padded_hdis,8,10,10000000,6997000,0.6997,1
plain,padded_128,8,10,10000000,5301000,0.5301,1
plain,padded_64,8,10,10000000,11683000,1.1683,1
plain,thread_local,8,10,10000000,16685000,1.6685,1
plain,stack_local,8,10,10000000,5715000,0.5715,1
atomic,packed,12,10,10000000,4742127000,474.2127,1
atomic,padded_hdis,12,10,10000000,28985000,2.8985,1
atomic,padded_128,12,10,10000000,37948000,3.7948,1
atomic,padded_64,12,10,10000000,56590000,5.6590,1
atomic,shared_one,12,10,10000000,5623467000,562.3467,1
atomic,thread_local,12,10,10000000,1695162000,169.5162,1
atomic,stack_local,12,10,10000000,30355000,3.0355,1
plain,packed,12,10,10000000,30923000,3.0923,1
plain,padded_hdis,12,10,10000000,7336000,0.7336,1
plain,padded_128,12,10,10000000,7607000,0.7607,1
plain,padded_64,12,10,10000000,14615000,1.4615,1
plain,thread_local,12,10,10000000,28745000,2.8745,1
plain,stack_local,12,10,10000000,6710000,0.6710,1
atomic,packed,1,11,10000000,20764000,2.0764,1
atomic,padded_hdis,1,11,10000000,20678000,2.0678,1
atomic,padded_128,1,11,10000000,21201000,2.1201,1
atomic,padded_64,1,11,10000000,20393000,2.0393,1
atomic,shared_one,1,11,10000000,20886000,2.0886,1
atomic,thread_local,1,11,10000000,20323000,2.0323,1
atomic,stack_local,1,11,10000000,20598000,2.0598,1
plain,packed,1,11,10000000,3208000,0.3208,1
plain,padded_hdis,1,11,10000000,3072000,0.3072,1
plain,padded_128,1,11,10000000,3008000,0.3008,1
plain,padded_64,1,11,10000000,3101000,0.3101,1
plain,thread_local,1,11,10000000,3100000,0.3100,1
plain,stack_local,1,11,10000000,3085000,0.3085,1
atomic,packed,2,11,10000000,120188000,12.0188,1
atomic,padded_hdis,2,11,10000000,20739000,2.0739,1
atomic,padded_128,2,11,10000000,20739000,2.0739,1
atomic,padded_64,2,11,10000000,21250000,2.1250,1
atomic,shared_one,2,11,10000000,116715000,11.6715,1
atomic,thread_local,2,11,10000000,121535000,12.1535,1
atomic,stack_local,2,11,10000000,20861000,2.0861,1
plain,packed,2,11,10000000,12523000,1.2523,1
plain,padded_hdis,2,11,10000000,3096000,0.3096,1
plain,padded_128,2,11,10000000,3099000,0.3099,1
plain,padded_64,2,11,10000000,3098000,0.3098,1
plain,thread_local,2,11,10000000,12688000,1.2688,1
plain,stack_local,2,11,10000000,2997000,0.2997,1
atomic,packed,4,11,10000000,548506000,54.8506,1
atomic,padded_hdis,4,11,10000000,20807000,2.0807,1
atomic,padded_128,4,11,10000000,20766000,2.0766,1
atomic,padded_64,4,11,10000000,29722000,2.9722,1
atomic,shared_one,4,11,10000000,595523000,59.5523,1
atomic,thread_local,4,11,10000000,633325000,63.3325,1
atomic,stack_local,4,11,10000000,20919000,2.0919,1
plain,packed,4,11,10000000,15191000,1.5191,1
plain,padded_hdis,4,11,10000000,3403000,0.3403,1
plain,padded_128,4,11,10000000,3267000,0.3267,1
plain,padded_64,4,11,10000000,3101000,0.3101,1
plain,thread_local,4,11,10000000,15276000,1.5276,1
plain,stack_local,4,11,10000000,3238000,0.3238,1
atomic,packed,8,11,10000000,2567735000,256.7735,1
atomic,padded_hdis,8,11,10000000,22380000,2.2380,1
atomic,padded_128,8,11,10000000,22956000,2.2956,1
atomic,padded_64,8,11,10000000,33558000,3.3558,1
atomic,shared_one,8,11,10000000,2470724000,247.0724,1
atomic,thread_local,8,11,10000000,1494265000,149.4265,1
atomic,stack_local,8,11,10000000,29793000,2.9793,1
plain,packed,8,11,10000000,20671000,2.0671,1
plain,padded_hdis,8,11,10000000,4959000,0.4959,1
plain,padded_128,8,11,10000000,6335000,0.6335,1
plain,padded_64,8,11,10000000,14910000,1.4910,1
plain,thread_local,8,11,10000000,18573000,1.8573,1
plain,stack_local,8,11,10000000,5237000,0.5237,1
atomic,packed,12,11,10000000,4306284000,430.6284,1
atomic,padded_hdis,12,11,10000000,32571000,3.2571,1
atomic,padded_128,12,11,10000000,30417000,3.0417,1
atomic,padded_64,12,11,10000000,69969000,6.9969,1
atomic,shared_one,12,11,10000000,5718622000,571.8622,1
atomic,thread_local,12,11,10000000,2267620000,226.7620,1
atomic,stack_local,12,11,10000000,31552000,3.1552,1
plain,packed,12,11,10000000,29110000,2.9110,1
plain,padded_hdis,12,11,10000000,6607000,0.6607,1
plain,padded_128,12,11,10000000,6250000,0.6250,1
plain,padded_64,12,11,10000000,16063000,1.6063,1
plain,thread_local,12,11,10000000,28484000,2.8484,1
plain,stack_local,12,11,10000000,6374000,0.6374,1
